-- phpMyAdmin SQL Dump
-- version 5.1.0
-- https://www.phpmyadmin.net/
--
-- Host: 127.0.0.1
-- Waktu pembuatan: 02 Des 2021 pada 03.57
-- Versi server: 10.4.18-MariaDB
-- Versi PHP: 8.0.5

SET SQL_MODE = "NO_AUTO_VALUE_ON_ZERO";
START TRANSACTION;
SET time_zone = "+00:00";


/*!40101 SET @OLD_CHARACTER_SET_CLIENT=@@CHARACTER_SET_CLIENT */;
/*!40101 SET @OLD_CHARACTER_SET_RESULTS=@@CHARACTER_SET_RESULTS */;
/*!40101 SET @OLD_COLLATION_CONNECTION=@@COLLATION_CONNECTION */;
/*!40101 SET NAMES utf8mb4 */;

--
-- Database: `sekolahkita`
--

-- --------------------------------------------------------

--
-- Struktur dari tabel `tbl_agenda`
--

CREATE TABLE `tbl_agenda` (
  `agenda_id` int(11) NOT NULL,
  `agenda_nama` varchar(200) DEFAULT NULL,
  `agenda_tanggal` timestamp NULL DEFAULT current_timestamp(),
  `agenda_deskripsi` text DEFAULT NULL,
  `agenda_mulai` date DEFAULT NULL,
  `agenda_selesai` date DEFAULT NULL,
  `agenda_tempat` varchar(90) DEFAULT NULL,
  `agenda_waktu` varchar(30) DEFAULT NULL,
  `agenda_keterangan` varchar(200) DEFAULT NULL,
  `agenda_author` varchar(60) DEFAULT NULL
) ENGINE=InnoDB DEFAULT CHARSET=latin1;

--
-- Dumping data untuk tabel `tbl_agenda`
--

INSERT INTO `tbl_agenda` (`agenda_id`, `agenda_nama`, `agenda_tanggal`, `agenda_deskripsi`, `agenda_mulai`, `agenda_selesai`, `agenda_tempat`, `agenda_waktu`, `agenda_keterangan`, `agenda_author`) VALUES
(9, 'Kegiatan Upacara Bendera', '2021-11-29 09:22:50', 'Kegiatan upacara bendera dilakukan setiap hari senin di lapangan upacara SMPN 1 GAYAM', '2021-12-06', '2021-12-06', 'Lapangan Upacara SMPN 1 GAYAM', '07.15 - 08.15', 'Jangan ada yang terlambat, dan perlengkapan pakaian harus lengkap dan rapi. rambut tidak boleh panjang', 'Galih Restu Baihaqi');

-- --------------------------------------------------------

--
-- Struktur dari tabel `tbl_album`
--

CREATE TABLE `tbl_album` (
  `album_id` int(11) NOT NULL,
  `album_nama` varchar(50) DEFAULT NULL,
  `album_tanggal` timestamp NULL DEFAULT current_timestamp(),
  `album_pengguna_id` int(11) DEFAULT NULL,
  `album_author` varchar(60) DEFAULT NULL,
  `album_count` int(11) DEFAULT 0,
  `album_cover` varchar(40) DEFAULT NULL
) ENGINE=InnoDB DEFAULT CHARSET=latin1;

--
-- Dumping data untuk tabel `tbl_album`
--

INSERT INTO `tbl_album` (`album_id`, `album_nama`, `album_tanggal`, `album_pengguna_id`, `album_author`, `album_count`, `album_cover`) VALUES
(5, 'Kompetisi', '2021-11-29 09:25:24', 2, 'Galih Restu Baihaqi', 1, '506ee17d22018e497ffe0f88e143631d.jpeg'),
(6, 'Kegiatan', '2021-11-29 09:31:33', 2, 'Galih Restu Baihaqi', 1, 'b207a09544e5636703e10dc251308814.png');

-- --------------------------------------------------------

--
-- Struktur dari tabel `tbl_files`
--

CREATE TABLE `tbl_files` (
  `file_id` int(11) NOT NULL,
  `file_judul` varchar(120) DEFAULT NULL,
  `file_deskripsi` text DEFAULT NULL,
  `file_tanggal` timestamp NULL DEFAULT current_timestamp(),
  `file_oleh` varchar(60) DEFAULT NULL,
  `file_download` int(11) DEFAULT 0,
  `file_data` varchar(120) DEFAULT NULL
) ENGINE=InnoDB DEFAULT CHARSET=latin1;

--
-- Dumping data untuk tabel `tbl_files`
--

INSERT INTO `tbl_files` (`file_id`, `file_judul`, `file_deskripsi`, `file_tanggal`, `file_oleh`, `file_download`, `file_data`) VALUES
(2, 'Dasar-dasar CSS', 'Modul dasar-dasar CSS 3. Modul ini membantu anda untuk memahami struktur dasar CSS', '2017-01-23 04:30:01', 'Drs. Joko', 0, 'ab9a183ff240deadbedaff78e639af2f.pdf');

-- --------------------------------------------------------

--
-- Struktur dari tabel `tbl_galeri`
--

CREATE TABLE `tbl_galeri` (
  `galeri_id` int(11) NOT NULL,
  `galeri_judul` varchar(60) DEFAULT NULL,
  `galeri_tanggal` timestamp NULL DEFAULT current_timestamp(),
  `galeri_gambar` varchar(40) DEFAULT NULL,
  `galeri_album_id` int(11) DEFAULT NULL,
  `galeri_pengguna_id` int(11) DEFAULT NULL,
  `galeri_author` varchar(60) DEFAULT NULL
) ENGINE=InnoDB DEFAULT CHARSET=latin1;

--
-- Dumping data untuk tabel `tbl_galeri`
--

INSERT INTO `tbl_galeri` (`galeri_id`, `galeri_judul`, `galeri_tanggal`, `galeri_gambar`, `galeri_album_id`, `galeri_pengguna_id`, `galeri_author`) VALUES
(4, 'Diskusi Pemilihan Ketua Osis', '2017-01-21 14:04:53', '5f8436e2c30570dfe2114f05af5e9215.jpg', 3, 1, 'Muris Studio'),
(19, 'Komptesi OSN', '2021-11-29 09:27:21', 'e663f3a321948facd05b6dd392b0a8c6.jpg', 5, 2, 'Galih Restu Baihaqi'),
(20, 'Upacara Bendera', '2021-11-29 09:32:42', 'a3337ebcec769516e19cec605f22470c.jpg', 6, 2, 'Galih Restu Baihaqi');

-- --------------------------------------------------------

--
-- Struktur dari tabel `tbl_guru`
--

CREATE TABLE `tbl_guru` (
  `guru_id` int(11) NOT NULL,
  `guru_nip` varchar(30) DEFAULT NULL,
  `guru_nama` varchar(70) DEFAULT NULL,
  `guru_jenkel` varchar(2) DEFAULT NULL,
  `guru_tmp_lahir` varchar(80) DEFAULT NULL,
  `guru_tgl_lahir` varchar(80) DEFAULT NULL,
  `guru_mapel` varchar(120) DEFAULT NULL,
  `guru_photo` varchar(40) DEFAULT NULL,
  `guru_tgl_input` timestamp NULL DEFAULT current_timestamp()
) ENGINE=InnoDB DEFAULT CHARSET=latin1;

--
-- Dumping data untuk tabel `tbl_guru`
--

INSERT INTO `tbl_guru` (`guru_id`, `guru_nip`, `guru_nama`, `guru_jenkel`, `guru_tmp_lahir`, `guru_tgl_lahir`, `guru_mapel`, `guru_photo`, `guru_tgl_input`) VALUES
(10, '190411100177', 'Galih Restu Baihaqi', 'L', 'Sumenep', '29 Juli 2001', 'TIK dan Web', '4db741138fa5ea2a712055bb8415e058.jpg', '2021-11-29 08:55:05');

-- --------------------------------------------------------

--
-- Struktur dari tabel `tbl_inbox`
--

CREATE TABLE `tbl_inbox` (
  `inbox_id` int(11) NOT NULL,
  `inbox_nama` varchar(40) DEFAULT NULL,
  `inbox_email` varchar(60) DEFAULT NULL,
  `inbox_kontak` varchar(20) DEFAULT NULL,
  `inbox_pesan` text DEFAULT NULL,
  `inbox_tanggal` timestamp NULL DEFAULT current_timestamp(),
  `inbox_status` int(11) DEFAULT 1 COMMENT '1=Belum dilihat, 0=Telah dilihat'
) ENGINE=InnoDB DEFAULT CHARSET=latin1;

--
-- Dumping data untuk tabel `tbl_inbox`
--

INSERT INTO `tbl_inbox` (`inbox_id`, `inbox_nama`, `inbox_email`, `inbox_kontak`, `inbox_pesan`, `inbox_tanggal`, `inbox_status`) VALUES
(2, 'M Fikri Setiadi', 'fikrifiver97@gmail.com', '-', 'Ping !', '2017-06-21 03:44:12', 0),
(3, 'M Fikri Setiadi', 'fikrifiver97@gmail.com', '-', 'Ini adalah pesan ', '2017-06-21 03:45:57', 0),
(5, 'M Fikri Setiadi', 'fikrifiver97@gmail.com', '-', 'Ping !', '2017-06-21 03:53:19', 0),
(7, 'M Fikri Setiadi', 'fikrifiver97@gmail.com', '-', 'Hi, there!', '2017-07-01 07:28:08', 0),
(8, 'M Fikri', 'fikrifiver97@gmail.com', '084375684364', 'Hi There, Would you please help me about register?', '2018-08-06 13:51:07', 0);

-- --------------------------------------------------------

--
-- Struktur dari tabel `tbl_kategori`
--

CREATE TABLE `tbl_kategori` (
  `kategori_id` int(11) NOT NULL,
  `kategori_nama` varchar(30) DEFAULT NULL,
  `kategori_tanggal` timestamp NULL DEFAULT current_timestamp()
) ENGINE=InnoDB DEFAULT CHARSET=latin1;

--
-- Dumping data untuk tabel `tbl_kategori`
--

INSERT INTO `tbl_kategori` (`kategori_id`, `kategori_nama`, `kategori_tanggal`) VALUES
(1, 'Pendidikan', '2016-09-06 05:49:04'),
(3, 'Sains', '2016-09-06 05:59:39'),
(5, 'Penelitian', '2016-09-06 06:19:26'),
(6, 'Prestasi', '2016-09-07 02:51:09'),
(13, 'Olahraga', '2017-01-13 13:20:31');

-- --------------------------------------------------------

--
-- Struktur dari tabel `tbl_kelas`
--

CREATE TABLE `tbl_kelas` (
  `kelas_id` int(11) NOT NULL,
  `kelas_nama` varchar(40) DEFAULT NULL
) ENGINE=InnoDB DEFAULT CHARSET=latin1;

--
-- Dumping data untuk tabel `tbl_kelas`
--

INSERT INTO `tbl_kelas` (`kelas_id`, `kelas_nama`) VALUES
(1, 'Kelas X.1'),
(2, 'Kelas X.2'),
(3, 'Kelas X.3'),
(4, 'Kelas X.4'),
(5, 'Kelas X.5'),
(6, 'Kelas X.6'),
(7, 'Kelas X.7'),
(8, 'Kelas XI IPA.1'),
(9, 'Kelas XI IPA.2'),
(10, 'Kelas XI IPA.3'),
(11, 'Kelas XI IPA.4'),
(12, 'Kelas XI IPA.5'),
(13, 'Kelas XI IPA.6'),
(14, 'Kelas XI IPA.7'),
(15, 'Kelas XI IPS.1'),
(16, 'Kelas XI IPS.2'),
(17, 'Kelas XI IPS.3'),
(18, 'Kelas XI IPS.4'),
(19, 'Kelas XI IPS.5'),
(20, 'Kelas XI IPS.6'),
(21, 'Kelas XI IPS.7');

-- --------------------------------------------------------

--
-- Struktur dari tabel `tbl_komentar`
--

CREATE TABLE `tbl_komentar` (
  `komentar_id` int(11) NOT NULL,
  `komentar_nama` varchar(30) DEFAULT NULL,
  `komentar_email` varchar(50) DEFAULT NULL,
  `komentar_isi` varchar(120) DEFAULT NULL,
  `komentar_tanggal` timestamp NULL DEFAULT current_timestamp(),
  `komentar_status` varchar(2) DEFAULT NULL,
  `komentar_tulisan_id` int(11) DEFAULT NULL,
  `komentar_parent` int(11) DEFAULT 0
) ENGINE=InnoDB DEFAULT CHARSET=latin1;

--
-- Dumping data untuk tabel `tbl_komentar`
--

INSERT INTO `tbl_komentar` (`komentar_id`, `komentar_nama`, `komentar_email`, `komentar_isi`, `komentar_tanggal`, `komentar_status`, `komentar_tulisan_id`, `komentar_parent`) VALUES
(1, 'M Fikri', 'fikrifiver97@gmail.com', ' Nice Post.', '2018-08-07 15:09:07', '1', 24, 0),
(2, 'M Fikri Setiadi', 'fikrifiver97@gmail.com', ' Awesome Post', '2018-08-07 15:14:26', '1', 24, 0),
(3, 'Joko', 'joko@gmail.com', 'Thank you.', '2018-08-08 03:54:56', '1', 24, 1);

-- --------------------------------------------------------

--
-- Struktur dari tabel `tbl_log_aktivitas`
--

CREATE TABLE `tbl_log_aktivitas` (
  `log_id` int(11) NOT NULL,
  `log_nama` text DEFAULT NULL,
  `log_tanggal` timestamp NULL DEFAULT current_timestamp(),
  `log_ip` varchar(20) DEFAULT NULL,
  `log_pengguna_id` int(11) DEFAULT NULL,
  `log_icon` blob DEFAULT NULL,
  `log_jenis_icon` varchar(50) DEFAULT NULL
) ENGINE=InnoDB DEFAULT CHARSET=latin1;

-- --------------------------------------------------------

--
-- Struktur dari tabel `tbl_mapel`
--

CREATE TABLE `tbl_mapel` (
  `id_mapel` int(11) NOT NULL,
  `nama_mapel` varchar(100) NOT NULL,
  `keterangan_mapel` text NOT NULL
) ENGINE=InnoDB DEFAULT CHARSET=latin1;

--
-- Dumping data untuk tabel `tbl_mapel`
--

INSERT INTO `tbl_mapel` (`id_mapel`, `nama_mapel`, `keterangan_mapel`) VALUES
(2, 'IPA', 'Belajar IPA');

-- --------------------------------------------------------

--
-- Struktur dari tabel `tbl_pengguna`
--

CREATE TABLE `tbl_pengguna` (
  `pengguna_id` int(11) NOT NULL,
  `pengguna_nama` varchar(50) DEFAULT NULL,
  `pengguna_moto` varchar(100) DEFAULT NULL,
  `pengguna_jenkel` varchar(2) DEFAULT NULL,
  `pengguna_username` varchar(30) DEFAULT NULL,
  `pengguna_password` varchar(35) DEFAULT NULL,
  `pengguna_tentang` text DEFAULT NULL,
  `pengguna_email` varchar(50) DEFAULT NULL,
  `pengguna_nohp` varchar(20) DEFAULT NULL,
  `pengguna_facebook` varchar(35) DEFAULT NULL,
  `pengguna_twitter` varchar(35) DEFAULT NULL,
  `pengguna_linkdin` varchar(35) DEFAULT NULL,
  `pengguna_google_plus` varchar(35) DEFAULT NULL,
  `pengguna_status` int(2) DEFAULT 1,
  `pengguna_level` varchar(3) DEFAULT NULL,
  `pengguna_register` timestamp NULL DEFAULT current_timestamp(),
  `pengguna_photo` varchar(40) DEFAULT NULL
) ENGINE=InnoDB DEFAULT CHARSET=latin1;

--
-- Dumping data untuk tabel `tbl_pengguna`
--

INSERT INTO `tbl_pengguna` (`pengguna_id`, `pengguna_nama`, `pengguna_moto`, `pengguna_jenkel`, `pengguna_username`, `pengguna_password`, `pengguna_tentang`, `pengguna_email`, `pengguna_nohp`, `pengguna_facebook`, `pengguna_twitter`, `pengguna_linkdin`, `pengguna_google_plus`, `pengguna_status`, `pengguna_level`, `pengguna_register`, `pengguna_photo`) VALUES
(2, 'Galih Restu Baihaqi', NULL, 'L', 'galih', '2928a1392e32267da703c333c3a476c7', NULL, 'galih@gmail.com', '081939301705', NULL, NULL, NULL, NULL, 1, '1', '2021-11-29 07:15:49', 'b1e1e46664162b13cd0d01a248ee4184.jpg');

-- --------------------------------------------------------

--
-- Struktur dari tabel `tbl_pengumuman`
--

CREATE TABLE `tbl_pengumuman` (
  `pengumuman_id` int(11) NOT NULL,
  `pengumuman_judul` varchar(150) DEFAULT NULL,
  `pengumuman_deskripsi` text DEFAULT NULL,
  `pengumuman_tanggal` timestamp NULL DEFAULT current_timestamp(),
  `pengumuman_author` varchar(60) DEFAULT NULL
) ENGINE=InnoDB DEFAULT CHARSET=latin1;

--
-- Dumping data untuk tabel `tbl_pengumuman`
--

INSERT INTO `tbl_pengumuman` (`pengumuman_id`, `pengumuman_judul`, `pengumuman_deskripsi`, `pengumuman_tanggal`, `pengumuman_author`) VALUES
(10, 'Merayakan Tahun Baru 2022', 'Untuk merayakan tahun baru 2022, mari bersama sama untuk stay safe di rumah, untuk menjaga keseharan tubuh selama masa pandemi berlangsung', '2021-11-29 09:20:37', 'Galih Restu Baihaqi');

-- --------------------------------------------------------

--
-- Struktur dari tabel `tbl_pengunjung`
--

CREATE TABLE `tbl_pengunjung` (
  `pengunjung_id` int(11) NOT NULL,
  `pengunjung_tanggal` timestamp NULL DEFAULT current_timestamp(),
  `pengunjung_ip` varchar(40) DEFAULT NULL,
  `pengunjung_perangkat` varchar(100) DEFAULT NULL
) ENGINE=InnoDB DEFAULT CHARSET=latin1;

--
-- Dumping data untuk tabel `tbl_pengunjung`
--

INSERT INTO `tbl_pengunjung` (`pengunjung_id`, `pengunjung_tanggal`, `pengunjung_ip`, `pengunjung_perangkat`) VALUES
(930, '2018-08-09 08:04:59', '::1', 'Chrome'),
(931, '2020-04-30 09:24:35', '::1', 'Chrome'),
(932, '2020-04-30 17:03:42', '::1', 'Chrome'),
(933, '2020-04-30 17:17:54', '192.168.43.1', 'Chrome'),
(934, '2020-05-01 18:28:26', '::1', 'Chrome'),
(935, '2020-05-01 21:12:36', '192.168.43.1', 'Chrome'),
(936, '2020-05-02 12:58:12', '192.168.43.22', 'Chrome'),
(937, '2020-05-02 17:19:17', '::1', 'Firefox'),
(938, '2020-05-02 17:41:38', '192.168.43.22', 'Chrome'),
(939, '2020-05-02 18:07:26', '192.168.43.1', 'Chrome'),
(940, '2020-05-03 21:17:35', '::1', 'Chrome'),
(941, '2020-05-04 22:36:09', '::1', 'Chrome'),
(942, '2020-05-05 21:10:13', '::1', 'Chrome'),
(943, '2020-05-05 21:32:53', '192.168.43.1', 'Chrome'),
(944, '2021-11-29 02:53:12', '::1', 'Chrome'),
(945, '2021-11-29 18:54:21', '::1', 'Chrome');

-- --------------------------------------------------------

--
-- Struktur dari tabel `tbl_siswa`
--

CREATE TABLE `tbl_siswa` (
  `siswa_id` int(11) NOT NULL,
  `siswa_nis` varchar(20) DEFAULT NULL,
  `siswa_nama` varchar(70) DEFAULT NULL,
  `siswa_jenkel` varchar(2) DEFAULT NULL,
  `siswa_kelas_id` int(11) DEFAULT NULL,
  `siswa_photo` varchar(40) DEFAULT NULL
) ENGINE=InnoDB DEFAULT CHARSET=latin1;

--
-- Dumping data untuk tabel `tbl_siswa`
--

INSERT INTO `tbl_siswa` (`siswa_id`, `siswa_nis`, `siswa_nama`, `siswa_jenkel`, `siswa_kelas_id`, `siswa_photo`) VALUES
(1, '9287482', 'Alvaro Sanchez', 'L', 8, '083d547659a2d4bb15c0322d15955da5.png'),
(2, '9287483', 'Ririn Cantika', 'P', 8, '74eec6ad37550cc12fe8fa83d46878af.jpg'),
(4, '123083', 'Ari Hidayat', 'L', 1, 'e371e67618ad53c99de380782c373023.png'),
(5, '123084', 'Irma Chaiyo', 'P', 1, '1e148b42c71562841ba3018fc97b748a.png'),
(6, '123085', 'Nadila Ginting', 'P', 1, '8125da21f903803b6992214967239ab3.png'),
(7, '123086', 'Anna Marina', 'P', 1, '33eaf3e3faf28a0fe31670c022f641f1.png'),
(8, '123086', 'Dhea Lubis', 'P', 1, '03e651410e969c3c26e8e0d35380470d.png'),
(9, '123087', 'Nadia Ginting', 'P', 1, 'd7823f8d98d376c085aa284a54d63264.png'),
(10, '123088', 'Mita Febrina', 'P', 1, 'eca0280a4a57c911ee68b8318d1e517f.png'),
(11, '123089', 'Elizabeth ', 'P', 1, 'ec1232a08d650bc8c3197c9db95a7fc8.png'),
(12, '123090', 'Della Guswono', 'P', 1, '6c82fce13bb3eff1fd2e897b2c3cfeeb.png');

-- --------------------------------------------------------

--
-- Struktur dari tabel `tbl_testimoni`
--

CREATE TABLE `tbl_testimoni` (
  `testimoni_id` int(11) NOT NULL,
  `testimoni_nama` varchar(30) DEFAULT NULL,
  `testimoni_isi` varchar(120) DEFAULT NULL,
  `testimoni_email` varchar(35) DEFAULT NULL,
  `testimoni_tanggal` timestamp NULL DEFAULT current_timestamp()
) ENGINE=InnoDB DEFAULT CHARSET=latin1;

-- --------------------------------------------------------

--
-- Struktur dari tabel `tbl_tulisan`
--

CREATE TABLE `tbl_tulisan` (
  `tulisan_id` int(11) NOT NULL,
  `tulisan_judul` varchar(100) DEFAULT NULL,
  `tulisan_isi` text DEFAULT NULL,
  `tulisan_tanggal` timestamp NULL DEFAULT current_timestamp(),
  `tulisan_kategori_id` int(11) DEFAULT NULL,
  `tulisan_kategori_nama` varchar(30) DEFAULT NULL,
  `tulisan_views` int(11) DEFAULT 0,
  `tulisan_gambar` varchar(40) DEFAULT NULL,
  `tulisan_pengguna_id` int(11) DEFAULT NULL,
  `tulisan_author` varchar(40) DEFAULT NULL,
  `tulisan_img_slider` int(2) NOT NULL DEFAULT 0,
  `tulisan_slug` varchar(200) DEFAULT NULL
) ENGINE=InnoDB DEFAULT CHARSET=latin1;

--
-- Dumping data untuk tabel `tbl_tulisan`
--

INSERT INTO `tbl_tulisan` (`tulisan_id`, `tulisan_judul`, `tulisan_isi`, `tulisan_tanggal`, `tulisan_kategori_id`, `tulisan_kategori_nama`, `tulisan_views`, `tulisan_gambar`, `tulisan_pengguna_id`, `tulisan_author`, `tulisan_img_slider`, `tulisan_slug`) VALUES
(22, 'UPACARA HARI LAHIR PANCASILA 1 JUNI DI SMAN 78 JAKARTA BERLANGSUNG KHIDMAD', '<p>Hari Sabtu, 1 Juni 2019 bertepatan dengan 27 Ramadhan 1440 H, SMA Negeri 78 Jakarta melaksanakan Upacara hari kelahiran Pancasila bertempat di lapangan sekolah.</p>\r\n\r\n<p>Ada yang menarik dari upacara kali ini karena pertama: bertepatan dengan bulan suci Ramadhan hari yang ke 27 dan beberapa guru maupun karyawan ada yang sudah pulang kampung halaman dalam menyambut hari raya Idul Fitri, kedua : Kepala sekolah meminta agar yang sudah pulang kampung ikut melaksanakan upacara di wilayah masing-masing dengan bergabung ke sekolah atau instansi terdekat.</p>\r\n\r\n<p>Mantap ternyata integritas tetap terjaga, anjuran dari Bapak Kepala Sekolah (Dr. Saryono, M.Si) dilaksanakan dengan penuh amanah terpantau beberapa guru dan karyawan SMAN 78 melaksanakan Upacara hari lahir pancasila di SMAN 6 Jogjakarta, SMAN 1 Gombong-jateng SMAN 2 PLG, SMAN 1 Leuwiliang Bogor, SMAN 1 Simo Boyolali, SMPN 1 Gombong, dan lain sebagainya. Laporan ini didapat dari bukti fisik berupa foto dan surat keterangan melaksanakan upacara yang ditandatangani oleh kepala sekolahnya.</p>\r\n\r\n<p>Mereka disambut dengan senang hati. Salah satu peserta upacara dari SMAN 78 Jakarta ( Ibu Yuliana Guru Kimia) yang upacara di SMAN 1 Simo Boyolali menuturkan &quot; Kami di sambut dengan sangat welcome, senang sekali rasanya&quot;. Di SMAN 78 Jakarta upacara juga berlangsung dengan khidmad, peserta upacara dari unsur pendidik, tenaga kependidikan dan peserta didik.</p>\r\n\r\n<p>Petugas pembina upacara Kepala Sekolah Dr. Saryono, Msi, petugas lainya dari unsur ekskul Paskib, Ekskul PKS dan Paduan Suara dengan menyanykan lagu Garuda pancasila dan Mars SMAN 78 Jakarta. Dalam sambutannya Kepala sekolah mengatakan &quot; Mari bersama-sama kita semua mengimplementasikan Pancasila dalam kehidupan sehari-hari sebagai wujud kecintaan kita pada NKRI dan Pancasila&quot;.</p>\r\n\r\n<p>&quot;Saya Indonesia&quot; peserta upacara menjawab&quot; Saya Pancasila &quot; kalimat penutup pembina upacara hari kelahiran Pancasila dan juga di akhiri dengan tepuk tangan seluruh peseta upacara. Sekian dan terima kasih.</p>\r\n', '2020-02-05 09:24:42', 3, 'Sains', 9, 'a49888c350ee1037ab856b95ac26aa03.jpg', 1, 'Muris Studio', 0, 'upacara-hari-lahir-pancasila-1-juni-di-sman-78-jakarta-berlangsung-khidmad'),
(28, 'Pemerkosaan di kampus UTM', '<p>Kampus utm pokoknya terbaik</p>\r\n', '2021-11-29 09:47:25', 1, 'Pendidikan', 1, '32c94f9412e7ff6dee7fdf824b365877.jpg', 2, 'Galih Restu Baihaqi', 0, 'pemerkosaan-di-kampus-utm');

-- --------------------------------------------------------

--
-- Struktur dari tabel `tbl_video`
--

CREATE TABLE `tbl_video` (
  `id_video` int(11) NOT NULL,
  `id_mapel` int(11) NOT NULL,
  `kelas_id` int(11) NOT NULL,
  `kode_video` varchar(100) NOT NULL,
  `judul_video` varchar(150) NOT NULL,
  `deskripsi_video` text NOT NULL
) ENGINE=InnoDB DEFAULT CHARSET=latin1;

--
-- Dumping data untuk tabel `tbl_video`
--

INSERT INTO `tbl_video` (`id_video`, `id_mapel`, `kelas_id`, `kode_video`, `judul_video`, `deskripsi_video`) VALUES
(2, 3, 2, 'EdQE_oeU2yo', 'Materi IPS Kelas 7 Semester Genap Bab III', 'Materi IPS Kelas 7 Semester Genap Bab III'),
(3, 3, 15, 'z2VF7j2RBzM', 'Materi IPS Kelas 8 k13 (Perlawanan Terhadap Kolonialisme dan Imperialisme) Part 1', 'Materi IPS Kelas 8 k13 (Perlawanan Terhadap Kolonialisme dan Imperialisme) Part 1\r\n\r\n'),
(4, 3, 15, 'lIQBbvBZcqk', 'MATERI IPS MANUSIA DAN LINGKUNGAN, KELAS 4 TEMA 9 SUBTEMA 1', 'MATERI IPS MANUSIA DAN LINGKUNGAN, KELAS 4 TEMA 9 SUBTEMA 1\r\n'),
(5, 3, 17, 'DNoj82nGmK8', 'Materi IPS Kelas 4 SD Tema 9 Subtema 2. Pemanfaatan Sumber Daya Alam', 'Materi IPS Kelas 4 SD Tema 9 Subtema 2. Pemanfaatan Sumber Daya Alam'),
(6, 3, 17, 'kdmnP7Me0xg', 'Video Pembelajaran Kelas 8 K13 - IPS - Perubahan Masyarakat Indonesia pada Masa Penjajahan', 'Video Pembelajaran Kelas 8 K13 - IPS - Perubahan Masyarakat Indonesia pada Masa Penjajahan');

--
-- Indexes for dumped tables
--

--
-- Indeks untuk tabel `tbl_agenda`
--
ALTER TABLE `tbl_agenda`
  ADD PRIMARY KEY (`agenda_id`);

--
-- Indeks untuk tabel `tbl_album`
--
ALTER TABLE `tbl_album`
  ADD PRIMARY KEY (`album_id`),
  ADD KEY `album_pengguna_id` (`album_pengguna_id`);

--
-- Indeks untuk tabel `tbl_files`
--
ALTER TABLE `tbl_files`
  ADD PRIMARY KEY (`file_id`);

--
-- Indeks untuk tabel `tbl_galeri`
--
ALTER TABLE `tbl_galeri`
  ADD PRIMARY KEY (`galeri_id`),
  ADD KEY `galeri_album_id` (`galeri_album_id`),
  ADD KEY `galeri_pengguna_id` (`galeri_pengguna_id`);

--
-- Indeks untuk tabel `tbl_guru`
--
ALTER TABLE `tbl_guru`
  ADD PRIMARY KEY (`guru_id`);

--
-- Indeks untuk tabel `tbl_inbox`
--
ALTER TABLE `tbl_inbox`
  ADD PRIMARY KEY (`inbox_id`);

--
-- Indeks untuk tabel `tbl_kategori`
--
ALTER TABLE `tbl_kategori`
  ADD PRIMARY KEY (`kategori_id`);

--
-- Indeks untuk tabel `tbl_kelas`
--
ALTER TABLE `tbl_kelas`
  ADD PRIMARY KEY (`kelas_id`);

--
-- Indeks untuk tabel `tbl_komentar`
--
ALTER TABLE `tbl_komentar`
  ADD PRIMARY KEY (`komentar_id`),
  ADD KEY `komentar_tulisan_id` (`komentar_tulisan_id`);

--
-- Indeks untuk tabel `tbl_log_aktivitas`
--
ALTER TABLE `tbl_log_aktivitas`
  ADD PRIMARY KEY (`log_id`),
  ADD KEY `log_pengguna_id` (`log_pengguna_id`);

--
-- Indeks untuk tabel `tbl_mapel`
--
ALTER TABLE `tbl_mapel`
  ADD PRIMARY KEY (`id_mapel`);

--
-- Indeks untuk tabel `tbl_pengguna`
--
ALTER TABLE `tbl_pengguna`
  ADD PRIMARY KEY (`pengguna_id`);

--
-- Indeks untuk tabel `tbl_pengumuman`
--
ALTER TABLE `tbl_pengumuman`
  ADD PRIMARY KEY (`pengumuman_id`);

--
-- Indeks untuk tabel `tbl_pengunjung`
--
ALTER TABLE `tbl_pengunjung`
  ADD PRIMARY KEY (`pengunjung_id`);

--
-- Indeks untuk tabel `tbl_siswa`
--
ALTER TABLE `tbl_siswa`
  ADD PRIMARY KEY (`siswa_id`);

--
-- Indeks untuk tabel `tbl_testimoni`
--
ALTER TABLE `tbl_testimoni`
  ADD PRIMARY KEY (`testimoni_id`);

--
-- Indeks untuk tabel `tbl_tulisan`
--
ALTER TABLE `tbl_tulisan`
  ADD PRIMARY KEY (`tulisan_id`),
  ADD KEY `tulisan_kategori_id` (`tulisan_kategori_id`),
  ADD KEY `tulisan_pengguna_id` (`tulisan_pengguna_id`);

--
-- Indeks untuk tabel `tbl_video`
--
ALTER TABLE `tbl_video`
  ADD PRIMARY KEY (`id_video`);

--
-- AUTO_INCREMENT untuk tabel yang dibuang
--

--
-- AUTO_INCREMENT untuk tabel `tbl_agenda`
--
ALTER TABLE `tbl_agenda`
  MODIFY `agenda_id` int(11) NOT NULL AUTO_INCREMENT, AUTO_INCREMENT=10;

--
-- AUTO_INCREMENT untuk tabel `tbl_album`
--
ALTER TABLE `tbl_album`
  MODIFY `album_id` int(11) NOT NULL AUTO_INCREMENT, AUTO_INCREMENT=7;

--
-- AUTO_INCREMENT untuk tabel `tbl_files`
--
ALTER TABLE `tbl_files`
  MODIFY `file_id` int(11) NOT NULL AUTO_INCREMENT, AUTO_INCREMENT=13;

--
-- AUTO_INCREMENT untuk tabel `tbl_galeri`
--
ALTER TABLE `tbl_galeri`
  MODIFY `galeri_id` int(11) NOT NULL AUTO_INCREMENT, AUTO_INCREMENT=21;

--
-- AUTO_INCREMENT untuk tabel `tbl_guru`
--
ALTER TABLE `tbl_guru`
  MODIFY `guru_id` int(11) NOT NULL AUTO_INCREMENT, AUTO_INCREMENT=11;

--
-- AUTO_INCREMENT untuk tabel `tbl_inbox`
--
ALTER TABLE `tbl_inbox`
  MODIFY `inbox_id` int(11) NOT NULL AUTO_INCREMENT, AUTO_INCREMENT=9;

--
-- AUTO_INCREMENT untuk tabel `tbl_kategori`
--
ALTER TABLE `tbl_kategori`
  MODIFY `kategori_id` int(11) NOT NULL AUTO_INCREMENT, AUTO_INCREMENT=14;

--
-- AUTO_INCREMENT untuk tabel `tbl_kelas`
--
ALTER TABLE `tbl_kelas`
  MODIFY `kelas_id` int(11) NOT NULL AUTO_INCREMENT, AUTO_INCREMENT=22;

--
-- AUTO_INCREMENT untuk tabel `tbl_komentar`
--
ALTER TABLE `tbl_komentar`
  MODIFY `komentar_id` int(11) NOT NULL AUTO_INCREMENT, AUTO_INCREMENT=4;

--
-- AUTO_INCREMENT untuk tabel `tbl_log_aktivitas`
--
ALTER TABLE `tbl_log_aktivitas`
  MODIFY `log_id` int(11) NOT NULL AUTO_INCREMENT;

--
-- AUTO_INCREMENT untuk tabel `tbl_mapel`
--
ALTER TABLE `tbl_mapel`
  MODIFY `id_mapel` int(11) NOT NULL AUTO_INCREMENT, AUTO_INCREMENT=5;

--
-- AUTO_INCREMENT untuk tabel `tbl_pengguna`
--
ALTER TABLE `tbl_pengguna`
  MODIFY `pengguna_id` int(11) NOT NULL AUTO_INCREMENT, AUTO_INCREMENT=3;

--
-- AUTO_INCREMENT untuk tabel `tbl_pengumuman`
--
ALTER TABLE `tbl_pengumuman`
  MODIFY `pengumuman_id` int(11) NOT NULL AUTO_INCREMENT, AUTO_INCREMENT=11;

--
-- AUTO_INCREMENT untuk tabel `tbl_pengunjung`
--
ALTER TABLE `tbl_pengunjung`
  MODIFY `pengunjung_id` int(11) NOT NULL AUTO_INCREMENT, AUTO_INCREMENT=946;

--
-- AUTO_INCREMENT untuk tabel `tbl_siswa`
--
ALTER TABLE `tbl_siswa`
  MODIFY `siswa_id` int(11) NOT NULL AUTO_INCREMENT, AUTO_INCREMENT=13;

--
-- AUTO_INCREMENT untuk tabel `tbl_testimoni`
--
ALTER TABLE `tbl_testimoni`
  MODIFY `testimoni_id` int(11) NOT NULL AUTO_INCREMENT;

--
-- AUTO_INCREMENT untuk tabel `tbl_tulisan`
--
ALTER TABLE `tbl_tulisan`
  MODIFY `tulisan_id` int(11) NOT NULL AUTO_INCREMENT, AUTO_INCREMENT=29;

--
-- AUTO_INCREMENT untuk tabel `tbl_video`
--
ALTER TABLE `tbl_video`
  MODIFY `id_video` int(11) NOT NULL AUTO_INCREMENT, AUTO_INCREMENT=7;
COMMIT;

/*!40101 SET CHARACTER_SET_CLIENT=@OLD_CHARACTER_SET_CLIENT */;
/*!40101 SET CHARACTER_SET_RESULTS=@OLD_CHARACTER_SET_RESULTS */;
/*!40101 SET COLLATION_CONNECTION=@OLD_COLLATION_CONNECTION */;
